,Exam_num,Prob_num,Time_slot,Proc_time
0,30,5,3,0.005000
1,30,10,3,0.001000
2,30,15,3,0.012000
3,30,20,4,0.004000
4,30,25,5,0.113000
5,30,30,5,0.034000
6,30,35,6,2.002000
7,30,40,6,0.487000
8,30,45,6,11.802000
9,30,50,8,221.989000
10,30,55,8,74.596000
11,30,60,8,184.764000
12,30,65,-1,250.001000
13,30,70,-1,250.001000
14,30,75,-1,250.001000
15,30,80,-1,250.001000
16,30,85,-1,250.001000
17,30,90,-1,250.001000
18,30,95,-1,250.001000
