,Exam_num,Prob_num,Time_slot,Proc_time
0,30,5,3,0.001000
1,30,10,3,0.000000
2,30,15,4,0.008000
3,30,20,4,0.013000
4,30,25,4,0.007000
5,30,30,5,0.040000
6,30,35,5,0.016000
7,30,40,6,0.159000
8,30,45,6,0.091000
9,30,50,6,0.003000
10,30,55,7,0.309000
11,30,60,7,0.254000
12,30,65,8,0.982000
13,30,70,10,77.317000
14,30,75,-1,250.001000
15,30,80,-1,250.001000
16,30,85,-1,250.001000
17,30,90,-1,250.001000
18,30,95,-1,250.001000
