,Exam_num,Prob_num,Time_slot,Proc_time
0,40,5,3,0.002000
1,40,10,4,0.187000
2,40,15,4,0.012000
3,40,20,5,3.382000
4,40,25,5,0.531000
5,40,30,5,13.362000
6,40,35,6,8.662000
7,40,40,7,68.387000
8,40,45,7,15.336000
9,40,50,8,154.059000
10,40,55,-1,250.001000
11,40,60,-1,250.001000
12,40,65,-1,250.001000
13,40,70,-1,250.001000
14,40,75,-1,250.001000
15,40,80,-1,250.001000
16,40,85,-1,250.001000
17,40,90,-1,250.001000
18,40,95,-1,250.001000
